date,source,headline,url
2023-01-01,Reuters,Market volatility spikes as investors react to economic uncertainty,https://reuters.com/example1
2023-01-01,Bloomberg,Fed signals potential rate hikes amid inflation concerns,https://bloomberg.com/example1
2023-01-01,CNBC,Stocks tumble on recession fears and geopolitical tensions,https://cnbc.com/example1
2023-01-01,WSJ,Corporate earnings disappoint as supply chain issues persist,https://wsj.com/example1
2023-01-01,Financial Times,Central banks coordinate response to market stress,https://ft.com/example1
2023-01-02,Reuters,Market volatility spikes as investors react to economic uncertainty,https://reuters.com/example2
2023-01-02,Bloomberg,Fed signals potential rate hikes amid inflation concerns,https://bloomberg.com/example2
2023-01-02,CNBC,Stocks tumble on recession fears and geopolitical tensions,https://cnbc.com/example2
2023-01-02,WSJ,Corporate earnings disappoint as supply chain issues persist,https://wsj.com/example2
2023-01-02,Financial Times,Central banks coordinate response to market stress,https://ft.com/example2
2023-01-03,Reuters,Market volatility spikes as investors react to economic uncertainty,https://reuters.com/example3
2023-01-03,Bloomberg,Fed signals potential rate hikes amid inflation concerns,https://bloomberg.com/example3
2023-01-03,CNBC,Stocks tumble on recession fears and geopolitical tensions,https://cnbc.com/example3
2023-01-03,WSJ,Corporate earnings disappoint as supply chain issues persist,https://wsj.com/example3
2023-01-03,Financial Times,Central banks coordinate response to market stress,https://ft.com/example3
2023-01-04,Reuters,Tech stocks rally on strong earnings and AI optimism,https://reuters.com/example4
2023-01-04,Bloomberg,Energy sector gains on oil price recovery,https://bloomberg.com/example4
2023-01-04,CNBC,Healthcare stocks mixed amid regulatory uncertainty,https://cnbc.com/example4
2023-01-04,WSJ,Financial services show resilience in challenging market,https://wsj.com/example4
2023-01-04,Financial Times,Consumer goods face headwinds from inflation,https://ft.com/example4
2023-01-05,Reuters,Market volatility spikes as investors react to economic uncertainty,https://reuters.com/example5
2023-01-05,Bloomberg,Fed signals potential rate hikes amid inflation concerns,https://bloomberg.com/example5
2023-01-05,CNBC,Stocks tumble on recession fears and geopolitical tensions,https://cnbc.com/example5
2023-01-05,WSJ,Corporate earnings disappoint as supply chain issues persist,https://wsj.com/example5
2023-01-05,Financial Times,Central banks coordinate response to market stress,https://ft.com/example5
2023-01-06,Reuters,Market volatility spikes as investors react to economic uncertainty,https://reuters.com/example6
2023-01-06,Bloomberg,Fed signals potential rate hikes amid inflation concerns,https://bloomberg.com/example6
2023-01-06,CNBC,Stocks tumble on recession fears and geopolitical tensions,https://cnbc.com/example6
2023-01-06,WSJ,Corporate earnings disappoint as supply chain issues persist,https://wsj.com/example6
2023-01-06,Financial Times,Central banks coordinate response to market stress,https://ft.com/example6
2023-01-07,Reuters,Market volatility spikes as investors react to economic uncertainty,https://reuters.com/example7
2023-01-07,Bloomberg,Fed signals potential rate hikes amid inflation concerns,https://bloomberg.com/example7
2023-01-07,CNBC,Stocks tumble on recession fears and geopolitical tensions,https://cnbc.com/example7
2023-01-07,WSJ,Corporate earnings disappoint as supply chain issues persist,https://wsj.com/example7
2023-01-07,Financial Times,Central banks coordinate response to market stress,https://ft.com/example7
2023-01-08,Reuters,Market volatility spikes as investors react to economic uncertainty,https://reuters.com/example8
2023-01-08,Bloomberg,Fed signals potential rate hikes amid inflation concerns,https://bloomberg.com/example8
2023-01-08,CNBC,Stocks tumble on recession fears and geopolitical tensions,https://cnbc.com/example8
2023-01-08,WSJ,Corporate earnings disappoint as supply chain issues persist,https://wsj.com/example8
2023-01-08,Financial Times,Central banks coordinate response to market stress,https://ft.com/example8
2023-01-09,Reuters,Market volatility spikes as investors react to economic uncertainty,https://reuters.com/example9
2023-01-09,Bloomberg,Fed signals potential rate hikes amid inflation concerns,https://bloomberg.com/example9
2023-01-09,CNBC,Stocks tumble on recession fears and geopolitical tensions,https://cnbc.com/example9
2023-01-09,WSJ,Corporate earnings disappoint as supply chain issues persist,https://wsj.com/example9
2023-01-09,Financial Times,Central banks coordinate response to market stress,https://ft.com/example9
2023-01-10,Reuters,Market volatility spikes as investors react to economic uncertainty,https://reuters.com/example10
2023-01-10,Bloomberg,Fed signals potential rate hikes amid inflation concerns,https://bloomberg.com/example10
2023-01-10,CNBC,Stocks tumble on recession fears and geopolitical tensions,https://cnbc.com/example10
2023-01-10,WSJ,Corporate earnings disappoint as supply chain issues persist,https://wsj.com/example10
2023-01-10,Financial Times,Central banks coordinate response to market stress,https://ft.com/example10
